<application>
  <component name="LocalDatabaseDriverManager" version="201">
    <driver id="cassandra">
      <artifact id="Cassandra" name="Cassandra" use="true" version="1.3.5" />
    </driver>
    <driver id="clickhouse">
      <artifact id="ClickHouse" name="ClickHouse" use="true" version="0.3.1" />
    </driver>
    <driver id="mongo">
      <artifact id="MongoDB" name="MongoDB" channel="fixed" rolling="false" use="true" version="1.14" />
    </driver>
    <driver id="mysql.8">
      <artifact id="MySQL ConnectorJ" name="MySQL ConnectorJ" use="true" version="8.0.21" />
    </driver>
    <driver id="mysql">
      <artifact id="MySQL ConnectorJ" name="MySQL ConnectorJ" use="true" version="5.1.47" />
    </driver>
    <driver id="oracle.19">
      <artifact id="Oracle" name="Oracle" use="true" version="21.1.0.0" />
    </driver>
    <driver id="oracle">
      <artifact id="Oracle" name="Oracle" use="true" version="12.2.0.1" />
    </driver>
    <driver id="postgresql">
      <artifact id="PostgreSQL" name="PostgreSQL" use="true" version="42.2.22" />
    </driver>
  </component>
</application>