<application>
  <component name="FileTypeManager" version="18">
    <extensionMap>
      <mapping pattern="VERSION" type="AUTO_DETECTED" />
      <mapping ext="gradle.kts" type="Kotlin" />
      <mapping ext="main.kts" type="Kotlin" />
      <mapping pattern=".prettierignore" type="PLAIN_TEXT" />
      <mapping pattern=".prettierrc " type="PLAIN_TEXT" />
      <mapping pattern=".huskyrc" type="PLAIN_TEXT" />
      <mapping pattern="bilgiler" type="PLAIN_TEXT" />
      <mapping pattern=".empty" type="PLAIN_TEXT" />
      <mapping pattern=".dockerignore" type="PLAIN_TEXT" />
      <mapping pattern="Comments" type="PLAIN_TEXT" />
      <mapping pattern="readme" type="PLAIN_TEXT" />
      <mapping ext="editorconfig" type="PLAIN_TEXT" />
      <mapping ext="lst" type="PLAIN_TEXT" />
      <mapping ext="cer" type="PLAIN_TEXT" />
      <removed_mapping ext="apk" approved="true" type="ARCHIVE" />
      <removed_mapping ext="psd" approved="true" type="Image" />
    </extensionMap>
  </component>
</application>