<application>
  <component name="FindSettings">
    <option name="customScope" value="All Places" />
    <option name="defaultScopeName" value="All Places" />
    <option name="SEARCH_SCOPE" value="All Places" />
    <mask>*repository.java</mask>
    <mask>*Controller.java</mask>
    <mask>*SeviceImpl.java</mask>
    <mask>*Sevice.java</mask>
    <mask>*Service.java</mask>
    <mask>*.scss</mask>
    <mask>*.sql</mask>
    <mask>*y.java</mask>
    <mask>*.jsp</mask>
    <mask>*Client.java</mask>
    <mask>*Request.java</mask>
    <mask>*.json</mask>
    <mask>*Repository.java</mask>
    <mask>*.xml</mask>
    <mask>*Test.java</mask>
    <mask>*.wsdl</mask>
    <mask>*Validator.java</mask>
    <mask>*DaoImpl.java</mask>
    <mask>*Codec*.java</mask>
    <mask>*.gradle</mask>
    <mask>*.css</mask>
    <mask>*Codec.java</mask>
    <mask>*Dao.java</mask>
    <mask>*.ts</mask>
    <mask>*.properties</mask>
    <mask>*.java</mask>
    <mask>*.js</mask>
    <mask>*.html</mask>
  </component>
</application>