<application>
  <component name="MavenWrapperMapping">
    <option name="mapping">
      <map>
        <entry key="https://repo.maven.apache.org/maven2/org/apache/maven/apache-maven/3.8.1/apache-maven-3.8.1-bin.zip" value="$USER_HOME$/.m2/wrapper/dists/apache-maven-3.8.1-bin/2l5mhf2pq2clrde7f7qp1rdt5m/apache-maven-3.8.1" />
        <entry key="https://repo.maven.apache.org/maven2/org/apache/maven/apache-maven/3.8.2/apache-maven-3.8.2-bin.zip" value="$USER_HOME$/.m2/wrapper/dists/apache-maven-3.8.2-bin/1um3pu5poco57pibs3g92d6vrf/apache-maven-3.8.2" />
        <entry key="https://repo.maven.apache.org/maven2/org/apache/maven/apache-maven/3.8.3/apache-maven-3.8.3-bin.zip" value="$USER_HOME$/.m2/wrapper/dists/apache-maven-3.8.3-bin/5a6n1u8or3307vo2u2jgmkhm0t/apache-maven-3.8.3" />
        <entry key="https://repo.maven.apache.org/maven2/org/apache/maven/apache-maven/3.8.4/apache-maven-3.8.4-bin.zip" value="$USER_HOME$/.m2/wrapper/dists/apache-maven-3.8.4-bin/52ccbt68d252mdldqsfsn03jlf/apache-maven-3.8.4" />
        <entry key="https://repo.maven.apache.org/maven2/org/apache/maven/apache-maven/3.8.5/apache-maven-3.8.5-bin.zip" value="$USER_HOME$/.m2/wrapper/dists/apache-maven-3.8.5-bin/5i5jha092a3i37g0paqnfr15e0/apache-maven-3.8.5" />
      </map>
    </option>
  </component>
</application>